path,filename,bytes,sha256,category,provenance,version_claim,baseline_role,notes
PLAN.md,PLAN.md,14155,UNVERIFIED_REMOTE,SOURCE_OF_TRUTH,VERIFIED_SOURCE,System V1,ACTIVE_CANDIDATE,"Git blob 70b9fa63d7816b5efe4936ea07698479133c6b70; ASTRA master plan"
docs/VERSIONING_RULES.md,VERSIONING_RULES.md,6354,UNVERIFIED_REMOTE,SOURCE_OF_TRUTH,VERIFIED_SOURCE,System V1,ACTIVE_CANDIDATE,"Git blob 766961c0b9f5ffa3b9a494c6d8128b3e278109d7"
docs/implementation/STEP_00_BASELINE_RECOVERY_GATE.md,STEP_00_BASELINE_RECOVERY_GATE.md,9768,UNVERIFIED_REMOTE,EXECUTION_SPEC,VERIFIED_SOURCE,STEP 00,REFERENCE,"Git blob 2a4977348f9a53295c2098af80dae0769bd6e4bb"
docs/UI_REFERENCE_PACKAGE_V1/materialized/INDEX.md,INDEX.md,2201,UNVERIFIED_REMOTE,UI_INDEX,VERIFIED_SOURCE,System V1,REFERENCE,"Authoritative materialized index; Git blob e2bf99636ce08bdbf5a7b4564ef05da561ab9bbf"
docs/UI_REFERENCE_PACKAGE_V1/materialized/images/01-Dashboard.jpg,01-Dashboard.jpg,2883,UNVERIFIED_REMOTE,UI_REFERENCE,VERIFIED_SOURCE,System V1,REFERENCE,"Readable JPEG; workflow validated 320x180; Git blob 35b32a6964d19550ddaa75b9d3ed2ef78140cb22"
docs/UI_REFERENCE_PACKAGE_V1/materialized/images/02-Sejarah-Sistem.jpg,02-Sejarah-Sistem.jpg,2720,UNVERIFIED_REMOTE,UI_REFERENCE,VERIFIED_SOURCE,System V1,REFERENCE,"Readable JPEG; workflow validated 320x180; Git blob bf53fb88743426ac0058527387c1399b8df917b6"
docs/UI_REFERENCE_PACKAGE_V1/materialized/images/03-Per-Prompt.jpg,03-Per-Prompt.jpg,2706,UNVERIFIED_REMOTE,UI_REFERENCE,VERIFIED_SOURCE,System V1,REFERENCE,"Readable JPEG; workflow validated 320x180; Git blob 32b4ec3c6b941a10e410f826baf018735358713b"
docs/UI_REFERENCE_PACKAGE_V1/materialized/images/04-Backup-Recovery.jpg,04-Backup-Recovery.jpg,3124,UNVERIFIED_REMOTE,UI_REFERENCE,VERIFIED_SOURCE,System V1,REFERENCE,"Readable JPEG; workflow validated 320x180; Git blob ee47b7cf821cb3170208d718634f43f9eeacf15b"
docs/UI_REFERENCE_PACKAGE_V1/materialized/images/05-Pengaturan.jpg,05-Pengaturan.jpg,2903,UNVERIFIED_REMOTE,UI_REFERENCE,VERIFIED_SOURCE,System V1,REFERENCE,"Readable JPEG; workflow validated 320x180; Git blob 742a03965fd00a2282f95a9f82a0fd1046231bf4"
docs/UI_REFERENCE_PACKAGE_V1/materialized/Aturan-Resmi-Versioning-Prompt-Action-V1.docx,Aturan-Resmi-Versioning-Prompt-Action-V1.docx,39502,UNVERIFIED_REMOTE,DOCUMENT,VERIFIED_FROM_BUILD,System V1,REFERENCE,"Generated/validated as DOCX by successful GitHub Actions run; Git blob a7b49ef0c16a8978cdff13554221d27126c70b01"
docs/UI_REFERENCE_PACKAGE_V1/materialized/Spesifikasi-Lengkap-UI-Versioning-Prompt-Action-V1.docx,Spesifikasi-Lengkap-UI-Versioning-Prompt-Action-V1.docx,63118,UNVERIFIED_REMOTE,DOCUMENT,VERIFIED_FROM_BUILD,System V1,REFERENCE,"Generated/validated as DOCX by successful GitHub Actions run; Git blob efa945a85b324128c15df2626b1ca3398507d387"
docs/UI_REFERENCE_PACKAGE_V1/Prompt-Action-UI-Reference-Materialized-V1.zip,Prompt-Action-UI-Reference-Materialized-V1.zip,125042,2797cf5993ba6e38532d028135f5f8ab12f99bc55ed0b643b441e57ca5eeebb0,RECOVERY_PACKAGE,VERIFIED_FROM_BUILD,System V1,REFERENCE,"Canonical UI-only package; checksum produced by successful workflow; Git blob 943e57fe550d032dde381a0f08ee2ae8c7f0ee19"
docs/UI_REFERENCE_PACKAGE_V1/Prompt-Action-UI-Reference-Package-V1.zip,Prompt-Action-UI-Reference-Package-V1.zip,15008,UNVERIFIED_REMOTE,RECOVERY_PACKAGE,VERSION_UNKNOWN,Experimental,EXCLUDE,"README marks this package non-canonical; Git blob 78878d147e024ed898519ee74fde66b774d57234"
START_HERE.txt,START_HERE.txt,21,UNVERIFIED_REMOTE,LEGACY_MARKER,VERSION_UNKNOWN,v22.5.2,EVIDENCE_ONLY,"Contains only 'Prompt Action v22.5.2'; not source corpus"
zz_BOOTSTRAP/chunks/part001.b64,part001.b64,9986,UNVERIFIED_REMOTE,RECOVERY_CHUNK,VERSION_UNKNOWN,Unknown,EVIDENCE_ONLY,"Preserve; not decoded/verified as full source in remote audit"
zz_BOOTSTRAP/chunks/part002.b64,part002.b64,12039,UNVERIFIED_REMOTE,RECOVERY_CHUNK,VERSION_UNKNOWN,Unknown,EVIDENCE_ONLY,"Preserve; not decoded/verified as full source in remote audit"
zz_BOOTSTRAP/chunks/part003.b64,part003.b64,12000,UNVERIFIED_REMOTE,RECOVERY_CHUNK,VERSION_UNKNOWN,Unknown,EVIDENCE_ONLY,"Preserve; not decoded/verified as full source in remote audit"
zz_REBUILD/chunks/part001.b64,part001.b64,12000,UNVERIFIED_REMOTE,RECOVERY_CHUNK,VERSION_UNKNOWN,GitHub snapshot,EVIDENCE_ONLY,"One of 9 snapshot chunks; not decoded/verified as required prompt source"
zz_REBUILD/chunks/part002.b64,part002.b64,12000,UNVERIFIED_REMOTE,RECOVERY_CHUNK,VERSION_UNKNOWN,GitHub snapshot,EVIDENCE_ONLY,"One of 9 snapshot chunks"
zz_REBUILD/chunks/part003.b64,part003.b64,12000,UNVERIFIED_REMOTE,RECOVERY_CHUNK,VERSION_UNKNOWN,GitHub snapshot,EVIDENCE_ONLY,"One of 9 snapshot chunks"
zz_REBUILD/chunks/part004.b64,part004.b64,12000,UNVERIFIED_REMOTE,RECOVERY_CHUNK,VERSION_UNKNOWN,GitHub snapshot,EVIDENCE_ONLY,"One of 9 snapshot chunks"
zz_REBUILD/chunks/part005.b64,part005.b64,12000,UNVERIFIED_REMOTE,RECOVERY_CHUNK,VERSION_UNKNOWN,GitHub snapshot,EVIDENCE_ONLY,"One of 9 snapshot chunks"
zz_REBUILD/chunks/part006.b64,part006.b64,12000,UNVERIFIED_REMOTE,RECOVERY_CHUNK,VERSION_UNKNOWN,GitHub snapshot,EVIDENCE_ONLY,"One of 9 snapshot chunks"
zz_REBUILD/chunks/part007.b64,part007.b64,12000,UNVERIFIED_REMOTE,RECOVERY_CHUNK,VERSION_UNKNOWN,GitHub snapshot,EVIDENCE_ONLY,"One of 9 snapshot chunks"
zz_REBUILD/chunks/part008.b64,part008.b64,12000,UNVERIFIED_REMOTE,RECOVERY_CHUNK,VERSION_UNKNOWN,GitHub snapshot,EVIDENCE_ONLY,"One of 9 snapshot chunks"
zz_REBUILD/chunks/part009.b64,part009.b64,12000,UNVERIFIED_REMOTE,RECOVERY_CHUNK,VERSION_UNKNOWN,GitHub snapshot,EVIDENCE_ONLY,"One of 9 snapshot chunks"
MISSING/Legacy-V22.5.1,MISSING,0,MISSING_REQUIRED_SOURCE,LEGACY_SOURCE,UNKNOWN,V22.5.1,ACTIVE_CANDIDATE,"No explicit verified V22.5.1 source/package path in audited HEAD"
MISSING/Prompt-1A,MISSING,0,MISSING_REQUIRED_SOURCE,PROMPT_SOURCE,UNKNOWN,baseline,ACTIVE_CANDIDATE,"No ordinary source file path verified"
MISSING/Prompt-1B,MISSING,0,MISSING_REQUIRED_SOURCE,PROMPT_SOURCE,UNKNOWN,baseline,ACTIVE_CANDIDATE,"No ordinary source file path verified"
MISSING/Prompt-1B1,MISSING,0,MISSING_REQUIRED_SOURCE,PROMPT_SOURCE,UNKNOWN,baseline,ACTIVE_CANDIDATE,"No ordinary source file path verified"
MISSING/Prompt-1B2,MISSING,0,MISSING_REQUIRED_SOURCE,PROMPT_SOURCE,UNKNOWN,baseline,ACTIVE_CANDIDATE,"No ordinary source file path verified"
MISSING/Prompt-2,MISSING,0,MISSING_REQUIRED_SOURCE,PROMPT_SOURCE,UNKNOWN,baseline,ACTIVE_CANDIDATE,"No ordinary source file path verified"
MISSING/Prompt-3,MISSING,0,MISSING_REQUIRED_SOURCE,PROMPT_SOURCE,UNKNOWN,baseline,ACTIVE_CANDIDATE,"No ordinary source file path verified"
MISSING/Prompt-4,MISSING,0,MISSING_REQUIRED_SOURCE,PROMPT_SOURCE,UNKNOWN,baseline,ACTIVE_CANDIDATE,"No ordinary source file path verified"
MISSING/Prompt-5,MISSING,0,MISSING_REQUIRED_SOURCE,PROMPT_SOURCE,UNKNOWN,baseline,ACTIVE_CANDIDATE,"No ordinary source file path verified"
