path,sha256,status,secondary_identity,notes
USER_RESCUE/V22_5_1_Update_1B_Dialog_Campuran,_Audit_Jangkar_Aksi_Terlewat,(1).zip,f7ac13dd184df23a72a96854c458ba8cac6fe1c42e2dd7edd0121794a7ccfdb2,VERIFIED_RESCUE_ZIP,,"69158 bytes; unzip test PASS; before/after hash identical; readonly copy hash identical"
USER_RESCUE/V22.5.1/00-Riwayat-Instruksi-dan-Perubahan-V22.txt,e450e59dc6a2ab56577e3931b2a3e9332b8cefba7ca0ffc43c2dfe6d7cc92178,VERIFIED_INTERNAL_MANIFEST,,"Matches V22.5.1 manifest"
USER_RESCUE/V22.5.1/01-Audit-Sinkronisasi-V22.txt,756e841e0df4c5519cb56031b4311aee513574062b7a9fa08364de54516c0c29,VERIFIED_INTERNAL_MANIFEST,,"Matches V22.5.1 manifest"
USER_RESCUE/V22.5.1/02-Riwayat-Chat-Pembaruan-V22.txt,cc0b6564b498757730864b1ca2c60f17c4465820aa7daf114a8065e689b0956f,VERIFIED_INTERNAL_MANIFEST,,"Matches V22.5.1 manifest"
USER_RESCUE/V22.5.1/03-Sumber-Pedoman-Pembaruan-V22.5.1.txt,d55a697d8851965cfe50fd0d8d0c36155cf5c44415ee67d6ae64533a321da1e8,VERIFIED_INTERNAL_MANIFEST,,"Matches V22.5.1 manifest"
USER_RESCUE/V22.5.1/Indeks-Versi-V22.5.1.json,eff868af0b7a4295545d3a39f39745bcab904b8561389f6fae2582dc58754818,VERIFIED_INTERNAL_MANIFEST,,"Version V22.5.1; based_on V22.5"
USER_RESCUE/V22.5.1/Manifest-SHA256-V22.5.1.txt,9c762c43a255db25a4b2188f983d8273977ba39932058df15729899f27c069bf,SELF_HASH_RECORDED,,"Manifest itself is excluded by its own declared coverage; this SHA256 was independently computed"
USER_RESCUE/V22.5.1/Panduan-Perintah-Singkat-V22.txt,2e5ab7231a9f2f94a9caa197a54ab8f6d8a38285599a2d1832ec49df31d6c7d9,VERIFIED_INTERNAL_MANIFEST,,"Matches V22.5.1 manifest"
USER_RESCUE/V22.5.1/Prompt-1A-Pelajari-Sinopsis-dan-SRT-Full-Film.txt,65fb561dfaf328b204bb86ef2a55789e835fa56cfab01d89f1c67a7b348a46c5,VERIFIED_SOURCE,,"Full UTF-8 read PASS; manifest match"
USER_RESCUE/V22.5.1/Prompt-1B-Satu-Dokumen-Teknis-dan-Naskah-Bersih-Edit-Manual.txt,7064081b9a264ba66da2c4eb297cc00f0f2d4133a97c84bed6f0171318d870cf,VERIFIED_SOURCE,,"Full UTF-8 read PASS; manifest match"
USER_RESCUE/V22.5.1/Prompt-1B1-Sinkronisasi-Naskah-Bersih-Dialog-Timestamp-dan-Penguncian.txt,a750b81cc0aa3b0fef5d6daaaaddddbae2be4c522ea4813784952f09eed26cc6,VERIFIED_SOURCE,,"Full UTF-8 read PASS; manifest match"
USER_RESCUE/V22.5.1/Prompt-1B2-Identifikasi-Blok-Urutan-dan-Kepemilikan-Visual.txt,12cc083ac1e107a2ffa4b10269b644df30f401ee3bd10a5fe42c9605c7b46576,VERIFIED_SOURCE,,"Full UTF-8 read PASS; manifest match"
USER_RESCUE/V22.5.1/Prompt-2-Eksekusi-Langsung-Satu-Jangkar.txt,d972981dde11a5f07a76d8c9357c9ce2ae84ac2a52a6e06545936ca45c27ef98,VERIFIED_SOURCE,,"Full UTF-8 read PASS; manifest match"
USER_RESCUE/V22.5.1/Prompt-3-Eksekusi-Langsung-Satu-Narasi.txt,de7268db093be34156ccbdff04ada92956bc7469d75f222ec7bf3e5f19d77fc8,VERIFIED_SOURCE,,"Full UTF-8 read PASS; manifest match"
USER_RESCUE/V22.5.1/Prompt-4-Gabung-dan-Audit-Satu-Blok.txt,a1bdb7c980de1aadd10e9492730892977e7a525d6dbbd5e8643ddec4da48b1c0,VERIFIED_SOURCE,,"Full UTF-8 read PASS; manifest match"
USER_RESCUE/V22.5.1/Prompt-5-Finalisasi-Seluruh-Part.txt,bf0c0ea1dca1414794ad54a6c9f9d2a0617766706e55d366c2df081944fb2786,VERIFIED_SOURCE,,"Full UTF-8 read PASS; manifest match"
USER_RESCUE/V22.5.1/Ringkasan-Tugas-Setiap-Prompt.txt,40dc53e40eb1a52024e1fc8eb04303a403e9d78eeb9199c6388f6f8ddd196a94,VERIFIED_INTERNAL_MANIFEST,,"Matches V22.5.1 manifest"
docs/UI_REFERENCE_PACKAGE_V1/Prompt-Action-UI-Reference-Materialized-V1.zip,2797cf5993ba6e38532d028135f5f8ab12f99bc55ed0b643b441e57ca5eeebb0,VERIFIED_WORKFLOW_AND_COMPANION_CHECKSUM,git_blob:943e57fe550d032dde381a0f08ee2ae8c7f0ee19,"Canonical UI recovery package"
PLAN.md,REMOTE_GIT_OBJECT,VERIFIED_IMMUTABLE_GIT_OBJECT,git_blob:70b9fa63d7816b5efe4936ea07698479133c6b70,"Canonical text source; Git object identity retained because local byte materialization of repo-native text was not required for rescue verification"
docs/VERSIONING_RULES.md,REMOTE_GIT_OBJECT,VERIFIED_IMMUTABLE_GIT_OBJECT,git_blob:766961c0b9f5ffa3b9a494c6d8128b3e278109d7,"Canonical rules"
docs/UI_REFERENCE_PACKAGE_V1/materialized/INDEX.md,REMOTE_GIT_OBJECT,VERIFIED_IMMUTABLE_GIT_OBJECT,git_blob:e2bf99636ce08bdbf5a7b4564ef05da561ab9bbf,"Authoritative UI index"
docs/UI_REFERENCE_PACKAGE_V1/materialized/images/01-Dashboard.jpg,REMOTE_GIT_OBJECT,READABLE_DIMENSIONS_AND_GIT_ID_VERIFIED,git_blob:35b32a6964d19550ddaa75b9d3ed2ef78140cb22,"JPEG 320x180; also contained in canonical package with verified package SHA256"
docs/UI_REFERENCE_PACKAGE_V1/materialized/images/02-Sejarah-Sistem.jpg,REMOTE_GIT_OBJECT,READABLE_DIMENSIONS_AND_GIT_ID_VERIFIED,git_blob:bf53fb88743426ac0058527387c1399b8df917b6,"JPEG 320x180; also contained in canonical package with verified package SHA256"
docs/UI_REFERENCE_PACKAGE_V1/materialized/images/03-Per-Prompt.jpg,REMOTE_GIT_OBJECT,READABLE_DIMENSIONS_AND_GIT_ID_VERIFIED,git_blob:32b4ec3c6b941a10e410f826baf018735358713b,"JPEG 320x180; also contained in canonical package with verified package SHA256"
docs/UI_REFERENCE_PACKAGE_V1/materialized/images/04-Backup-Recovery.jpg,REMOTE_GIT_OBJECT,READABLE_DIMENSIONS_AND_GIT_ID_VERIFIED,git_blob:ee47b7cf821cb3170208d718634f43f9eeacf15b,"JPEG 320x180; also contained in canonical package with verified package SHA256"
docs/UI_REFERENCE_PACKAGE_V1/materialized/images/05-Pengaturan.jpg,REMOTE_GIT_OBJECT,READABLE_DIMENSIONS_AND_GIT_ID_VERIFIED,git_blob:742a03965fd00a2282f95a9f82a0fd1046231bf4,"JPEG 320x180; also contained in canonical package with verified package SHA256"
